sep=,
sensor_desc,site_name
House 5, Kitchen,ARC CEV Tanzania
sensor_desc,site_name
House 5, Bed 4,ARC CEV Tanzania
sensor_desc,site_name
House 5, Bed 4, above ceiling,ARC CEV Tanzania
sensor_desc,site_name
House 5, Bed 2,ARC CEV Tanzania
sensor_desc,site_name
House 5, Living Room,ARC CEV Tanzania
sensor_desc,site_name
House 5, Mother's Bedroom,ARC CEV Tanzania
sensor_desc,site_name
House 5, Washrooms area,ARC CEV Tanzania
sensor_desc,site_name
House 5, Study (11th Feb -),ARC CEV Tanzania
sensor_desc,site_name
House 5, Bed 3,ARC CEV Tanzania
sensor_desc,site_name
Sun, Wind, Rain weather station gateway (in external box),ARC CEV Tanzania
sensor_desc,site_name
CO2 sensor in House 5 Living Room,ARC CEV Tanzania
sensor_desc,site_name
Weather Station, T & RH,ARC CEV Tanzania
sensor_desc,site_name
House 5, Metal Roof, above Bed 4,ARC CEV Tanzania
sensor_desc,site_name
Performance stats,ARC CEV Tanzania
